seed,M,N,K,budget,test_mse,relative_l2
0,4096,1,1,4096,0.030728433228386025,0.036333578060615906
1,4096,1,1,4096,0.04081839720630654,0.04187607159397256
2,4096,1,1,4096,0.04037551228686702,0.0416482715816963
3,4096,1,1,4096,0.01189619881383828,0.022606954837564863
4,4096,1,1,4096,0.041258932961565256,0.04210144054239171
5,4096,1,1,4096,0.27072173823964896,0.10784487832907784
6,4096,1,1,4096,0.03420245197879414,0.03833245025733136
7,4096,1,1,4096,0.015360945175379856,0.025688984070275995
0,512,8,1,4096,0.21119018415346238,0.09525215813876989
1,512,8,1,4096,0.030952737344664204,0.03646594655222891
2,512,8,1,4096,0.02078235302791126,0.029880325133477437
3,512,8,1,4096,0.07010396914661284,0.05487938851270631
4,512,8,1,4096,0.042942708408997325,0.04295192928026553
5,512,8,1,4096,0.3357372989938323,0.12009854777759758
6,512,8,1,4096,0.020178887923065738,0.029443306096751633
7,512,8,1,4096,0.005854449857979216,0.015859190111566092
0,64,64,1,4096,0.023668527554095417,0.03188772825053138
1,64,64,1,4096,0.06193702056111982,0.051583774221136434
2,64,64,1,4096,0.02583632647983953,0.03331603746574762
3,64,64,1,4096,0.024110483382142087,0.032184066625332575
4,64,64,1,4096,0.006173004601169483,0.016284943652932867
5,64,64,1,4096,0.03778719213904492,0.040291206362023484
6,64,64,1,4096,0.05741018621339983,0.04966294135279094
7,64,64,1,4096,0.0939675990124518,0.06353704680424106
